Rank,male,female
1,James,Mary
2,Robert,Patricia
3,John,Jennifer
4,Michael,Linda
5,David,Elizabeth
6,William,Barbara
7,Richard,Susan
8,Joseph,Jessica
9,Thomas,Sarah
10,Christopher,Karen
11,Charles,Lisa
12,Daniel,Nancy
13,Matthew,Betty
14,Anthony,Sandra
15,Mark,Margaret
16,Donald,Ashley
17,Steven,Kimberly
18,Andrew,Emily
19,Paul,Donna
20,Joshua,Michelle
21,Kenneth,Carol
22,Kevin,Amanda
23,Brian,Melissa
24,George,Deborah
25,Timothy,Stephanie
26,Ronald,Dorothy
27,Jason,Rebecca
28,Edward,Sharon
29,Jeffrey,Laura
30,Ryan,Cynthia
31,Jacob,Amy
32,Gary,Kathleen
33,Nicholas,Angela
34,Eric,Shirley
35,Jonathan,Brenda
36,Stephen,Emma
37,Larry,Anna
38,Justin,Pamela
39,Scott,Nicole
40,Brandon,Samantha
41,Benjamin,Katherine
42,Samuel,Christine
43,Gregory,Helen
44,Alexander,Debra
45,Patrick,Rachel
46,Frank,Carolyn
47,Raymond,Janet
48,Jack,Maria
49,Dennis,Catherine
50,Jerry,Heather
51,Tyler,Diane
52,Aaron,Olivia
53,Jose,Julie
54,Adam,Joyce
55,Nathan,Victoria
56,Henry,Ruth
57,Zachary,Virginia
58,Douglas,Lauren
59,Peter,Kelly
60,Kyle,Christina
61,Noah,Joan
62,Ethan,Evelyn
63,Jeremy,Judith
64,Walter,Andrea
65,Christian,Hannah
66,Keith,Megan
67,Roger,Cheryl
68,Terry,Jacqueline
69,Austin,Martha
70,Sean,Madison
71,Gerald,Teresa
72,Carl,Gloria
73,Harold,Sara
74,Dylan,Janice
75,Arthur,Ann
76,Lawrence,Kathryn
77,Jordan,Abigail
78,Jesse,Sophia
79,Bryan,Frances
80,Billy,Jean
81,Bruce,Alice
82,Gabriel,Judy
83,Joe,Isabella
84,Logan,Julia
85,Alan,Grace
86,Juan,Amber
87,Albert,Denise
88,Willie,Danielle
89,Elijah,Marilyn
90,Wayne,Beverly
91,Randy,Charlotte
92,Vincent,Natalie
93,Mason,Theresa
94,Roy,Diana
95,Ralph,Brittany
96,Bobby,Doris
97,Russell,Kayla
98,Bradley,Alexis
99,Philip,Lori
100,Eugene,Marie